<?xml version="1.0" encoding="utf-8"?>
<addon id="script.module.python-qbittorrent" version="0.1.1" name="python-qbittorrent" provider-name="Mookfist">
  <requires>
    <import addon="xbmc.python" version="2.14.0" />
  </requires>
  <extension point="xbmc.python.module" library="lib" />
  <extension point="xbmc.addon.metadata">
    <summary lang="en">Python wrapper for the QBittorrent web api v3.1.x</summary>
    <description lang="en">UNKNOWN</description>
    <disclaimer>This addon is just a wrapper around the original module found at PyPI</disclaimer>
    <language>en</language>
    <platform>all</platform> 
    <source>http://pypi.python.org/pypi/qbittorrent</source>
    <email>mookfist@gmail.com</email>
    <website>http://pypi.python.org/pypi/qbittorrent</website>
  </extension>
</addon>