<?xml version="1.0" encoding="utf-8"?>
<addon id="script.module.python-simplejson" version="3.16.0" name="python-simplejson" provider-name="Bob Ippolito">
  <requires>
    <import addon="xbmc.python" version="2.25.0" />
  </requires>
  <extension point="xbmc.python.module" library="lib" />
  <extension point="xbmc.addon.metadata">
    <summary lang="en">Simple, fast, extensible JSON encoder/decoder for Python</summary>
    <description lang="en">simplejson
----------

.. image:: https://travis-ci.org/simplejson/simplejson.svg?branch=master
    :target: https://travis-ci.org/simplejson/simplejson

simplejson is a simple, fast, complete, correct and extensible
JSON &lt;http://json.org&gt; encoder and decoder for Python 2.5+
and Python 3.3+.  It is pure Python code with no dependencies,
but includes an optional C extension for a serious speed boost.

The latest documentation for simplejson can be read online here:
https://simplejson.readthedocs.io/

simplejson is the externally maintained development version of the
json library included with Python 2.6 and Python 3.0, but maintains
backwards compatibility with Python 2.5.

The encoder can be specialized to provide serialization in any kind of
situation, without any special support by the objects to be serialized
(somewhat like pickle). This is best done with the ``default`` kwarg
to dumps.

The decoder can handle incoming JSON strings of any specified encoding
(UTF-8 by default). It can also be specialized to post-process JSON
objects with the ``object_hook`` or ``object_pairs_hook`` kwargs. This
is particularly useful for implementing protocols such as JSON-RPC
that have a richer type system than JSON itself.

For those of you that have legacy systems to maintain, there is a
very old fork of simplejson in the `python2.2`_ branch that supports
Python 2.2. This is based off of a very old version of simplejson,
is not maintained, and should only be used as a last resort.

.. _python2.2: https://github.com/simplejson/simplejson/tree/python2.2


</description>
    <disclaimer>This addon is just a wrapper around the original module found at PyPI</disclaimer>
    <language>en</language>
    <platform>all</platform>
    <source>https://pypi.org/project/simplejson/</source>
    <email>bob@redivi.com</email>
    <website>https://pypi.org/project/simplejson/</website>
  </extension>
</addon>