<?xml version="1.0" encoding="utf-8" standalone="yes"?>
<colors>
    <palette name="milight">
        <color name="">ffffffe3</color>
        <color name="">fffffae6</color>
        <color name="">fffef5e6</color>
        <color name="">fffef0e5</color>
        <color name="">fffeebe5</color>
        <color name="">ffffefef</color>
        <color name="">ffffe6ea</color>
        <color name="">ffffe6f1</color>
        <color name="">fffee6f4</color>
        <color name="">ffffe6fb</color>
        <color name="">fffee6fe</color>
        <color name="">fffae6ff</color>
        <color name="">fff4e6ff</color>
        <color name="">fff0e6ff</color>
        <color name="">ffeae7fc</color>
        <color name="">ffe6e7fc</color>
        <color name="">ffe6ebff</color>
        <color name="">ffe7f0ff</color>
        <color name="">ffe7f5ff</color>
        <color name="">ffe7faff</color>
        <color name="">ffe6ffff</color>
        <color name="">ffe6fffb</color>
        <color name="">ffe7fef4</color>
        <color name="">ffe7fff1</color>
        <color name="">ffe6ffea</color>
        <color name="">ffe7ffe7</color>
        <color name="">ffebfff3</color>
        <color name="">fff1ffe6</color>
        <color name="">fff5ffe6</color>
        <color name="">fffbffe6</color>
        <color name="">ffffffff</color>
        <color name="">ffffffcb</color>
        <color name="">fffefaca</color>
        <color name="">ffffeacb</color>
        <color name="">ffffe0cc</color>
        <color name="">fffed6cc</color>
        <color name="">ffffcacd</color>
        <color name="">ffffccd5</color>
        <color name="">ffffcde0</color>
        <color name="">ffffcceb</color>
        <color name="">ffffcbf5</color>
        <color name="">fffeccfd</color>
        <color name="">fff6cbff</color>
        <color name="">ffecccfe</color>
        <color name="">ffe0ccff</color>
        <color name="">ffd6ccfe</color>
        <color name="">ffccccfe</color>
        <color name="">ffcdd6ff</color>
        <color name="">ffcae1ff</color>
        <color name="">ffccebff</color>
        <color name="">ffcef4fd</color>
        <color name="">ffcaffff</color>
        <color name="">ffccfff6</color>
        <color name="">ffcbfeeb</color>
        <color name="">ffccffe0</color>
        <color name="">ffccffd6</color>
        <color name="">ffcdffcc</color>
        <color name="">ffd7ffcb</color>
        <color name="">ffe1ffcd</color>
        <color name="">ffebffcc</color>
        <color name="">fff5ffcb</color>
        <color name="">fffeffb3</color>
        <color name="">fffff1b2</color>
        <color name="">ffffe0b2</color>
        <color name="">fffdd2b2</color>
        <color name="">ffffc2b3</color>
        <color name="">ffffb3b3</color>
        <color name="">ffffb2c2</color>
        <color name="">ffffb3d1</color>
        <color name="">ffffb3e1</color>
        <color name="">ffffb2f4</color>
        <color name="">ffffb3fe</color>
        <color name="">fff0b3ff</color>
        <color name="">ffe1b2ff</color>
        <color name="">ffd2b3ff</color>
        <color name="">ffc1b3fe</color>
        <color name="">ffb4b3ff</color>
        <color name="">ffb3c1fe</color>
        <color name="">ffb2d1ff</color>
        <color name="">ffb3e0ff</color>
        <color name="">ffb2f0ff</color>
        <color name="">ffb3ffff</color>
        <color name="">ffb3fff0</color>
        <color name="">ffb4ffe0</color>
        <color name="">ffb3ffd1</color>
        <color name="">ffb4fec3</color>
        <color name="">ffb3ffb4</color>
        <color name="">ffc2ffb2</color>
        <color name="">ffd1ffb4</color>
        <color name="">ffe0ffb3</color>
        <color name="">fff1ffb4</color>
        <color name="">fffeff99</color>
        <color name="">ffffeb9a</color>
        <color name="">fffed699</color>
        <color name="">ffffc299</color>
        <color name="">ffffad98</color>
        <color name="">ffff9899</color>
        <color name="">ffff99ae</color>
        <color name="">ffff99c1</color>
        <color name="">fffe99d5</color>
        <color name="">ffff99ec</color>
        <color name="">ffff99ff</color>
        <color name="">ffeb99ff</color>
        <color name="">ffd699ff</color>
        <color name="">ffc299ff</color>
        <color name="">ffae99ff</color>
        <color name="">ff9a99ff</color>
        <color name="">ff98adfe</color>
        <color name="">ff9ac2ff</color>
        <color name="">ff98d6ff</color>
        <color name="">ff99ebff</color>
        <color name="">ff99ffff</color>
        <color name="">ff99ffea</color>
        <color name="">ff99ffd7</color>
        <color name="">ff9affc3</color>
        <color name="">ff99ffac</color>
        <color name="">ff99ff99</color>
        <color name="">ffadff99</color>
        <color name="">ffc2ff98</color>
        <color name="">ffd6ff99</color>
        <color name="">ffeaff98</color>
        <color name="">ffffff80</color>
        <color name="">ffffe681</color>
        <color name="">ffffcc80</color>
        <color name="">ffffb381</color>
        <color name="">ffff9980</color>
        <color name="">fffe8081</color>
        <color name="">ffff8199</color>
        <color name="">ffff80b3</color>
        <color name="">ffff80cd</color>
        <color name="">ffff80e7</color>
        <color name="">fffc81fe</color>
        <color name="">ffe680ff</color>
        <color name="">ffcc7fff</color>
        <color name="">ffb380ff</color>
        <color name="">ff9980ff</color>
        <color name="">ff807ffe</color>
        <color name="">ff8099fe</color>
        <color name="">ff7fb3ff</color>
        <color name="">ff80ccfe</color>
        <color name="">ff80e6ff</color>
        <color name="">ff7ffffe</color>
        <color name="">ff7ffee0</color>
        <color name="">ff80ffcc</color>
        <color name="">ff80ffb2</color>
        <color name="">ff80ff98</color>
        <color name="">ff81ff81</color>
        <color name="">ff99ff80</color>
        <color name="">ffb3ff80</color>
        <color name="">ffccff80</color>
        <color name="">ffe6ff80</color>
        <color name="">ffffff6b</color>
        <color name="">fffee066</color>
        <color name="">ffffc267</color>
        <color name="">ffffa366</color>
        <color name="">ffff8566</color>
        <color name="">ffff6766</color>
        <color name="">ffff6685</color>
        <color name="">ffff66a4</color>
        <color name="">ffff66c1</color>
        <color name="">ffff66e0</color>
        <color name="">ffff66ff</color>
        <color name="">ffe166ff</color>
        <color name="">ffc366ff</color>
        <color name="">ffa366ff</color>
        <color name="">ff8566ff</color>
        <color name="">ff6665fe</color>
        <color name="">ff6785ff</color>
        <color name="">ff66a3fe</color>
        <color name="">ff65c2ff</color>
        <color name="">ff65e0ff</color>
        <color name="">ff65ffff</color>
        <color name="">ff66ffe0</color>
        <color name="">ff65ffc1</color>
        <color name="">ff66ffa4</color>
        <color name="">ff65ff85</color>
        <color name="">ff66ff66</color>
        <color name="">ff84ff66</color>
        <color name="">ffa2ff66</color>
        <color name="">ffc2ff66</color>
        <color name="">ffe0ff66</color>
        <color name="">ffffff4d</color>
        <color name="">ffffdb4e</color>
        <color name="">ffffb84e</color>
        <color name="">ffff944c</color>
        <color name="">ffff714d</color>
        <color name="">ffff4d4d</color>
        <color name="">ffff4d6f</color>
        <color name="">fffe4d93</color>
        <color name="">fffe4db7</color>
        <color name="">fffe4ddb</color>
        <color name="">ffff4dff</color>
        <color name="">ffdc4dff</color>
        <color name="">ffb84dff</color>
        <color name="">ff944eff</color>
        <color name="">ff704dff</color>
        <color name="">ff4d4cff</color>
        <color name="">ff4d70fe</color>
        <color name="">ff4d94fe</color>
        <color name="">ff4db8ff</color>
        <color name="">ff4ddbff</color>
        <color name="">ff4dffff</color>
        <color name="">ff4dffdb</color>
        <color name="">ff4effb9</color>
        <color name="">ff4eff95</color>
        <color name="">ff4dfe70</color>
        <color name="">ff4cff4c</color>
        <color name="">ff70ff4d</color>
        <color name="">ff94ff4d</color>
        <color name="">ffb8fe4d</color>
        <color name="">ffdaff4d</color>
        <color name="">ffffff33</color>
        <color name="">ffffd634</color>
        <color name="">ffffad33</color>
        <color name="">ffff8532</color>
        <color name="">ffff5c33</color>
        <color name="">ffff3334</color>
        <color name="">ffff335c</color>
        <color name="">ffff3287</color>
        <color name="">ffff33ae</color>
        <color name="">ffff33d6</color>
        <color name="">fffe33ff</color>
        <color name="">ffd633fe</color>
        <color name="">ffad34ff</color>
        <color name="">ff8534ff</color>
        <color name="">ff5d33ff</color>
        <color name="">ff3233ff</color>
        <color name="">ff325cfe</color>
        <color name="">ff3285ff</color>
        <color name="">ff33adff</color>
        <color name="">ff33d6ff</color>
        <color name="">ff33fffe</color>
        <color name="">ff32ffd6</color>
        <color name="">ff34ffad</color>
        <color name="">ff33ff84</color>
        <color name="">ff32ff5c</color>
        <color name="">ff34ff33</color>
        <color name="">ff5cff34</color>
        <color name="">ff85fe33</color>
        <color name="">ffadfe33</color>
        <color name="">ffd5ff33</color>
        <color name="">ffffff19</color>
        <color name="">ffffd119</color>
        <color name="">ffffa418</color>
        <color name="">ffff751a</color>
        <color name="">ffff4719</color>
        <color name="">ffff1919</color>
        <color name="">ffff1947</color>
        <color name="">ffff1874</color>
        <color name="">ffff19a3</color>
        <color name="">ffff19d1</color>
        <color name="">ffff19ff</color>
        <color name="">ffd019ff</color>
        <color name="">ffa219ff</color>
        <color name="">ff751afe</color>
        <color name="">ff4719ff</color>
        <color name="">ff1819ff</color>
        <color name="">ff1947ff</color>
        <color name="">ff1974ff</color>
        <color name="">ff19a3fe</color>
        <color name="">ff18d1ff</color>
        <color name="">ff19ffff</color>
        <color name="">ff19ffd1</color>
        <color name="">ff19ffa4</color>
        <color name="">ff18ff75</color>
        <color name="">ff19ff47</color>
        <color name="">ff19ff19</color>
        <color name="">ff48ff19</color>
        <color name="">ff76ff19</color>
        <color name="">ffa3fe1a</color>
        <color name="">ffd1ff19</color>
        <color name="">ffffff00</color>
        <color name="">ffffcc00</color>
        <color name="">fffe9900</color>
        <color name="">ffff6600</color>
        <color name="">ffff3300</color>
        <color name="">fffe0000</color>
        <color name="">fffe0032</color>
        <color name="">ffff0066</color>
        <color name="">ffff0198</color>
        <color name="">ffff00cc</color>
        <color name="">ffff00fe</color>
        <color name="">ffcc00ff</color>
        <color name="">ff9a00ff</color>
        <color name="">ff6601ff</color>
        <color name="">ff3300ff</color>
        <color name="">ff0000fe</color>
        <color name="">ff0033ff</color>
        <color name="">ff0166ff</color>
        <color name="">ff0097fe</color>
        <color name="">ff00ccff</color>
        <color name="">ff00ffff</color>
        <color name="">ff01ffcd</color>
        <color name="">ff00ff99</color>
        <color name="">ff00fe67</color>
        <color name="">ff00ff33</color>
        <color name="">ff00ff01</color>
        <color name="">ff33ff00</color>
        <color name="">ff65ff00</color>
        <color name="">ff99fe00</color>
        <color name="">ffccff00</color>
        <color name="">ffe8e500</color>
        <color name="">ffe6b800</color>
        <color name="">ffe68b00</color>
        <color name="">ffe65c01</color>
        <color name="">ffe72e00</color>
        <color name="">ffe60000</color>
        <color name="">ffe6002e</color>
        <color name="">ffe6005b</color>
        <color name="">ffe80183</color>
        <color name="">ffe600b8</color>
        <color name="">ffe600e6</color>
        <color name="">ffb700e6</color>
        <color name="">ff8900e6</color>
        <color name="">ff5c01e5</color>
        <color name="">ff2e00e6</color>
        <color name="">ff0000e6</color>
        <color name="">ff012ee1</color>
        <color name="">ff005be7</color>
        <color name="">ff008ae5</color>
        <color name="">ff00b8e6</color>
        <color name="">ff00e6e6</color>
        <color name="">ff00e6b7</color>
        <color name="">ff00e78b</color>
        <color name="">ff00e65f</color>
        <color name="">ff00e532</color>
        <color name="">ff00e600</color>
        <color name="">ff2fe600</color>
        <color name="">ff5de600</color>
        <color name="">ff8ae501</color>
        <color name="">ffb8e600</color>
        <color name="">ffcdcc00</color>
        <color name="">ffcda301</color>
        <color name="">ffca7b02</color>
        <color name="">ffcc5200</color>
        <color name="">ffcc2900</color>
        <color name="">ffcc0001</color>
        <color name="">ffcd0029</color>
        <color name="">ffce0052</color>
        <color name="">ffcc007b</color>
        <color name="">ffcd00a3</color>
        <color name="">ffcb00cc</color>
        <color name="">ffa300cb</color>
        <color name="">ff7a01cc</color>
        <color name="">ff5201cc</color>
        <color name="">ff2a00d0</color>
        <color name="">ff0000cc</color>
        <color name="">ff0029cb</color>
        <color name="">ff0052cc</color>
        <color name="">ff007acd</color>
        <color name="">ff00a3cc</color>
        <color name="">ff00cccb</color>
        <color name="">ff00cca3</color>
        <color name="">ff01cc7a</color>
        <color name="">ff03cb51</color>
        <color name="">ff00cc29</color>
        <color name="">ff01cc00</color>
        <color name="">ff29cc01</color>
        <color name="">ff52cb00</color>
        <color name="">ff7acb00</color>
        <color name="">ffa2cc00</color>
        <color name="">ffb4b300</color>
        <color name="">ffb38e00</color>
        <color name="">ffb36b00</color>
        <color name="">ffb34700</color>
        <color name="">ffb32501</color>
        <color name="">ffb30101</color>
        <color name="">ffb40025</color>
        <color name="">ffb40047</color>
        <color name="">ffb4006b</color>
        <color name="">ffb5008b</color>
        <color name="">ffb300b3</color>
        <color name="">ff8f00b2</color>
        <color name="">ff6b00b2</color>
        <color name="">ff4700b4</color>
        <color name="">ff2300b2</color>
        <color name="">ff0000b2</color>
        <color name="">ff0025b4</color>
        <color name="">ff0047b3</color>
        <color name="">ff006bb3</color>
        <color name="">ff008eb2</color>
        <color name="">ff00b3b2</color>
        <color name="">ff00b38e</color>
        <color name="">ff00b36c</color>
        <color name="">ff00b346</color>
        <color name="">ff00b324</color>
        <color name="">ff00b300</color>
        <color name="">ff24b301</color>
        <color name="">ff47b200</color>
        <color name="">ff6cb201</color>
        <color name="">ff90b301</color>
        <color name="">ff999a00</color>
        <color name="">ff987a00</color>
        <color name="">ff995c01</color>
        <color name="">ff9a3d00</color>
        <color name="">ff9a1f00</color>
        <color name="">ff990100</color>
        <color name="">ff99001f</color>
        <color name="">ff9a003e</color>
        <color name="">ff99005b</color>
        <color name="">ff9a007a</color>
        <color name="">ff990099</color>
        <color name="">ff7b0099</color>
        <color name="">ff5d0099</color>
        <color name="">ff3d0099</color>
        <color name="">ff1f0099</color>
        <color name="">ff000098</color>
        <color name="">ff011f99</color>
        <color name="">ff003d98</color>
        <color name="">ff005c99</color>
        <color name="">ff007a99</color>
        <color name="">ff009999</color>
        <color name="">ff00997a</color>
        <color name="">ff00995b</color>
        <color name="">ff00993e</color>
        <color name="">ff00991f</color>
        <color name="">ff009900</color>
        <color name="">ff1e9900</color>
        <color name="">ff3c9900</color>
        <color name="">ff5c9900</color>
        <color name="">ff7a9900</color>
        <color name="">ff7f8000</color>
        <color name="">ff7f6601</color>
        <color name="">ff804c00</color>
        <color name="">ff803201</color>
        <color name="">ff801a01</color>
        <color name="">ff800000</color>
        <color name="">ff800019</color>
        <color name="">ff800033</color>
        <color name="">ff80004b</color>
        <color name="">ff810065</color>
        <color name="">ff81007f</color>
        <color name="">ff660080</color>
        <color name="">ff4c007f</color>
        <color name="">ff33007f</color>
        <color name="">ff1a0080</color>
        <color name="">ff010080</color>
        <color name="">ff011a7f</color>
        <color name="">ff003480</color>
        <color name="">ff004c80</color>
        <color name="">ff00667f</color>
        <color name="">ff008081</color>
        <color name="">ff008067</color>
        <color name="">ff037f4b</color>
        <color name="">ff008033</color>
        <color name="">ff00801b</color>
        <color name="">ff008001</color>
        <color name="">ff1a8000</color>
        <color name="">ff338000</color>
        <color name="">ff4c8001</color>
        <color name="">ff668100</color>
        <color name="">ff656600</color>
        <color name="">ff675201</color>
        <color name="">ff653d00</color>
        <color name="">ff672900</color>
        <color name="">ff661400</color>
        <color name="">ff660000</color>
        <color name="">ff660015</color>
        <color name="">ff660028</color>
        <color name="">ff65003c</color>
        <color name="">ff660053</color>
        <color name="">ff660066</color>
        <color name="">ff550069</color>
        <color name="">ff3d0067</color>
        <color name="">ff290066</color>
        <color name="">ff150067</color>
        <color name="">ff010066</color>
        <color name="">ff001465</color>
        <color name="">ff012966</color>
        <color name="">ff003d66</color>
        <color name="">ff005267</color>
        <color name="">ff006766</color>
        <color name="">ff006651</color>
        <color name="">ff00663e</color>
        <color name="">ff01662a</color>
        <color name="">ff006613</color>
        <color name="">ff006600</color>
        <color name="">ff146600</color>
        <color name="">ff296600</color>
        <color name="">ff3d6600</color>
        <color name="">ff516600</color>
        <color name="">ff4b4c00</color>
        <color name="">ff4c3e01</color>
        <color name="">ff4d2e00</color>
        <color name="">ff4c1f00</color>
        <color name="">ff4d0f00</color>
        <color name="">ff4c0000</color>
        <color name="">ff4c000f</color>
        <color name="">ff4b001f</color>
        <color name="">ff4c002e</color>
        <color name="">ff4c003e</color>
        <color name="">ff4c004b</color>
        <color name="">ff3d004d</color>
        <color name="">ff2e004b</color>
        <color name="">ff1f004c</color>
        <color name="">ff0e004b</color>
        <color name="">ff01004c</color>
        <color name="">ff000e4b</color>
        <color name="">ff001f4d</color>
        <color name="">ff012e4d</color>
        <color name="">ff003d4c</color>
        <color name="">ff004c4c</color>
        <color name="">ff004d3d</color>
        <color name="">ff004c2e</color>
        <color name="">ff004c1e</color>
        <color name="">ff004c0e</color>
        <color name="">ff004c01</color>
        <color name="">ff0f4c00</color>
        <color name="">ff204c01</color>
        <color name="">ff2d4c00</color>
        <color name="">ff3e4c01</color>
    </palette>
</colors>
