<?xml version="1.0" encoding="utf-8"?>
<addon id="script.module.python-requests" version="2.7.0" name="python-requests" provider-name="Mookfist">
  <requires>
    <import addon="xbmc.python" version="2.14.0" />
  </requires>
  <extension point="xbmc.python.module" library="lib" />
  <extension point="xbmc.addon.metadata">
    <summary lang="en">python-requests in Kodi Form</summary>
    <description lang="en">This addon will expose the Requests python library for other addons to use. For more information visit https://github.com/kennethreitz/requests</description>
    <disclaimer lang="en">Making HTTP requests without this library has been known to cause nervous breakdowns in even the most patient programmers</disclaimer>
    <language>en</language>
    <platform>all</platform>
    <license>Apache2</license>
    <source>https://github.com/mookfist/repo/tree/master/script.module.python-requests</source>
    <email>mookfist@gmail.com</email>
    <website>https://github.com/kennethreitz/requests</website>
  </extension>
</addon>
