<?xml version="1.0" encoding="utf-8"?>
<addon id="script.service.mookfist-milights" version="0.2.0~beta3" name="Mookfist Milights" provider-name="Mookfist">
  <requires>
    <import addon="xbmc.python" version="2.23.0" />
    <import addon="script.module.python-simplejson" version="2.14.0" />
    <import addon="script.module.python-mookfist-lled-controller" version="0.0.16"/>
    <import addon="script.module.colorpicker" version="1.0.11mooked" />
    <import addon="script.context-menu.mookfist-milights" versin="0.2.0~beta1" />
    <!--    <import addon="script.skin.helper.colorpicker" version="1.0.11" /> -->
  </requires>
  <extension point="xbmc.service" library="service.py" start="login" />
  <extension point="xbmc.python.script" library="cmd.py" />
  <extension point="xbmc.addon.metadata">
    <summary lang="en">Mookfist Milights</summary>
    <description lang="en">Controls the wifi bridge of Limitless LED-compatible products, such as Milights, LimitlessLED, Easybulb, AppLamp, iLight.</description>
    <description lang="de">Steuert LimitlessLED kompatible Produkte (Milight, LimitlessLED, Easybulb, AppLamp, iLight) mithilfe des WLAN Steuermoduls (Bridge)</description>
    <disclaimer lang="en">May contain soy products</disclaimer>
    <disclaimer lang="de">Kann Spuren von Soja enthalten</disclaimer>
	<language>en</language>
    <platform>all</platform>
    <license>MIT</license>
    <source>https://github.com/mookfist/repo/tree/master/script.service.mookfist-milights</source>
    <email>mookfist@gmail.com</email>
    <website>https://github.com/mookfist/repo</website>
  </extension>
</addon>
