<?xml version="1.0" encoding="utf-8" standalone="yes" ?>
<colors>
  <palette name="milight">
    <color name="">ffff0000</color>
    <color name="">ffff0000</color>
    <color name="">ffff2000</color>
    <color name="">ffff4000</color>
    <color name="">ffff6000</color>
    <color name="">ffff8000</color>
    <color name="">ffffa000</color>
    <color name="">ffffc000</color>
    <color name="">ffffe000</color>
    <color name="">ffffff00</color>
    <color name="">ffffff00</color>
    <color name="">ffdfff00</color>
    <color name="">ffbfff00</color>
    <color name="">ff9fff00</color>
    <color name="">ff7fff00</color>
    <color name="">ff5fff00</color>
    <color name="">ff3fff00</color>
    <color name="">ff1fff00</color>
    <color name="">ff00ff00</color>
    <color name="">ff00ff00</color>
    <color name="">ff00ff20</color>
    <color name="">ff00ff40</color>
    <color name="">ff00ff60</color>
    <color name="">ff00ff80</color>
    <color name="">ff00ffa0</color>
    <color name="">ff00ffc0</color>
    <color name="">ff00ffe0</color>
    <color name="">ff00ffff</color>
    <color name="">ff00ffff</color>
    <color name="">ff00dfff</color>
    <color name="">ff00bfff</color>
    <color name="">ff009fff</color>
    <color name="">ff007fff</color>
    <color name="">ff005fff</color>
    <color name="">ff003fff</color>
    <color name="">ff001fff</color>
    <color name="">ff0000ff</color>
    <color name="">ff0000ff</color>
    <color name="">ff2000ff</color>
    <color name="">ff4000ff</color>
    <color name="">ff6000ff</color>
    <color name="">ff8000ff</color>
    <color name="">ffa000ff</color>
    <color name="">ffc000ff</color>
    <color name="">ffe000ff</color>
    <color name="">ffff00ff</color>
    <color name="">ffff00ff</color>
    <color name="">ffff00df</color>
    <color name="">ffff00bf</color>
    <color name="">ffff009f</color>
    <color name="">ffff007f</color>
    <color name="">ffff005f</color>
    <color name="">ffff003f</color>
    <color name="">ffff001f</color>
    <color name="">ffff0000</color>
  </palette>
</colors>

