<?xml version="1.0"?>
<addon id="repository.mookfist" name="Mookfist Repo" version="2.2" provider-name="Mookfist">
    <extension point="xbmc.addon.repository" name="Mookfist Repository">
        <info compressed="false">https://raw.githubusercontent.com/mookfist/repo/0.2.0devel/addons.xml</info>
        <checksum>https://raw.githubusercontent.com/mookfist/repo/0.2.0devel/addons.xml.md5</checksum>
        <datadir zip="true">https://github.com/mookfist/repo/raw/0.2.0devel/zips</datadir>
    </extension>
    <extension point="xbmc.addon.metadata">
        <summary></summary>
        <description></description>
        <platform>all</platform>
    </extension>
</addon>

