<?xml version="1.0" encoding="utf-8" standalone="yes"?>
<colors>
  <palette name="milight">
    <color name="">ffff0000</color>
    <color name="">ffff0500</color>
    <color name="">ffff0900</color>
    <color name="">ffff0d00</color>
    <color name="">ffff1100</color>
    <color name="">ffff1600</color>
    <color name="">ffff1a00</color>
    <color name="">ffff1e00</color>
    <color name="">ffff2200</color>
    <color name="">ffff2700</color>
    <color name="">ffff2b00</color>
    <color name="">ffff2f00</color>
    <color name="">ffff3300</color>
    <color name="">ffff3800</color>
    <color name="">ffff3c00</color>
    <color name="">ffff4000</color>
    <color name="">ffff4400</color>
    <color name="">ffff4900</color>
    <color name="">ffff4d00</color>
    <color name="">ffff5100</color>
    <color name="">ffff5500</color>
    <color name="">ffff5a00</color>
    <color name="">ffff5e00</color>
    <color name="">ffff6200</color>
    <color name="">ffff6600</color>
    <color name="">ffff6b00</color>
    <color name="">ffff6f00</color>
    <color name="">ffff7300</color>
    <color name="">ffff7700</color>
    <color name="">ffff7c00</color>
    <color name="">ffff8000</color>
    <color name="">ffff8400</color>
    <color name="">ffff8800</color>
    <color name="">ffff8d00</color>
    <color name="">ffff9100</color>
    <color name="">ffff9500</color>
    <color name="">ffff9a00</color>
    <color name="">ffff9e00</color>
    <color name="">ffffa200</color>
    <color name="">ffffa600</color>
    <color name="">ffffaa00</color>
    <color name="">ffffaf00</color>
    <color name="">ffffb300</color>
    <color name="">ffffb700</color>
    <color name="">ffffbb00</color>
    <color name="">ffffc000</color>
    <color name="">ffffc400</color>
    <color name="">ffffc800</color>
    <color name="">ffffcc00</color>
    <color name="">ffffd100</color>
    <color name="">ffffd500</color>
    <color name="">ffffd900</color>
    <color name="">ffffdd00</color>
    <color name="">ffffe200</color>
    <color name="">ffffe600</color>
    <color name="">ffffea00</color>
    <color name="">ffffee00</color>
    <color name="">fffff300</color>
    <color name="">fffff700</color>
    <color name="">fffffb00</color>
    <color name="">ffffff00</color>
    <color name="">fffbff00</color>
    <color name="">fff7ff00</color>
    <color name="">fff3ff00</color>
    <color name="">ffeeff00</color>
    <color name="">ffeaff00</color>
    <color name="">ffe6ff00</color>
    <color name="">ffe2ff00</color>
    <color name="">ffddff00</color>
    <color name="">ffd9ff00</color>
    <color name="">ffd5ff00</color>
    <color name="">ffd1ff00</color>
    <color name="">ffccff00</color>
    <color name="">ffc8ff00</color>
    <color name="">ffc4ff00</color>
    <color name="">ffc0ff00</color>
    <color name="">ffbcff00</color>
    <color name="">ffb7ff00</color>
    <color name="">ffb3ff00</color>
    <color name="">ffafff00</color>
    <color name="">ffabff00</color>
    <color name="">ffa6ff00</color>
    <color name="">ffa2ff00</color>
    <color name="">ff9eff00</color>
    <color name="">ff9aff00</color>
    <color name="">ff95ff00</color>
    <color name="">ff91ff00</color>
    <color name="">ff8dff00</color>
    <color name="">ff89ff00</color>
    <color name="">ff84ff00</color>
    <color name="">ff80ff00</color>
    <color name="">ff7cff00</color>
    <color name="">ff78ff00</color>
    <color name="">ff73ff00</color>
    <color name="">ff6fff00</color>
    <color name="">ff6bff00</color>
    <color name="">ff66ff00</color>
    <color name="">ff62ff00</color>
    <color name="">ff5eff00</color>
    <color name="">ff5aff00</color>
    <color name="">ff55ff00</color>
    <color name="">ff51ff00</color>
    <color name="">ff4dff00</color>
    <color name="">ff49ff00</color>
    <color name="">ff45ff00</color>
    <color name="">ff40ff00</color>
    <color name="">ff3cff00</color>
    <color name="">ff38ff00</color>
    <color name="">ff34ff00</color>
    <color name="">ff2fff00</color>
    <color name="">ff2bff00</color>
    <color name="">ff27ff00</color>
    <color name="">ff22ff00</color>
    <color name="">ff1eff00</color>
    <color name="">ff1aff00</color>
    <color name="">ff16ff00</color>
    <color name="">ff11ff00</color>
    <color name="">ff0dff00</color>
    <color name="">ff09ff00</color>
    <color name="">ff05ff00</color>
    <color name="">ff00ff00</color>
    <color name="">ff00ff05</color>
    <color name="">ff00ff09</color>
    <color name="">ff00ff0d</color>
    <color name="">ff00ff11</color>
    <color name="">ff00ff16</color>
    <color name="">ff00ff1a</color>
    <color name="">ff00ff1e</color>
    <color name="">ff00ff22</color>
    <color name="">ff00ff27</color>
    <color name="">ff00ff2b</color>
    <color name="">ff00ff2f</color>
    <color name="">ff00ff33</color>
    <color name="">ff00ff38</color>
    <color name="">ff00ff3c</color>
    <color name="">ff00ff40</color>
    <color name="">ff00ff44</color>
    <color name="">ff00ff49</color>
    <color name="">ff00ff4d</color>
    <color name="">ff00ff51</color>
    <color name="">ff00ff56</color>
    <color name="">ff00ff5a</color>
    <color name="">ff00ff5e</color>
    <color name="">ff00ff62</color>
    <color name="">ff00ff67</color>
    <color name="">ff00ff6b</color>
    <color name="">ff00ff6f</color>
    <color name="">ff00ff73</color>
    <color name="">ff00ff78</color>
    <color name="">ff00ff7c</color>
    <color name="">ff00ff80</color>
    <color name="">ff00ff84</color>
    <color name="">ff00ff88</color>
    <color name="">ff00ff8d</color>
    <color name="">ff00ff91</color>
    <color name="">ff00ff95</color>
    <color name="">ff00ff9a</color>
    <color name="">ff00ff9e</color>
    <color name="">ff00ffa2</color>
    <color name="">ff00ffa6</color>
    <color name="">ff00ffaa</color>
    <color name="">ff00ffaf</color>
    <color name="">ff00ffb3</color>
    <color name="">ff00ffb7</color>
    <color name="">ff00ffbc</color>
    <color name="">ff00ffc0</color>
    <color name="">ff00ffc4</color>
    <color name="">ff00ffc8</color>
    <color name="">ff00ffcc</color>
    <color name="">ff00ffd1</color>
    <color name="">ff00ffd5</color>
    <color name="">ff00ffd9</color>
    <color name="">ff00ffdd</color>
    <color name="">ff00ffe2</color>
    <color name="">ff00ffe6</color>
    <color name="">ff00ffea</color>
    <color name="">ff00ffee</color>
    <color name="">ff00fff3</color>
    <color name="">ff00fff7</color>
    <color name="">ff00fffb</color>
    <color name="">ff00ffff</color>
    <color name="">ff00fbff</color>
    <color name="">ff00f7ff</color>
    <color name="">ff00f3ff</color>
    <color name="">ff00efff</color>
    <color name="">ff00eaff</color>
    <color name="">ff00e6ff</color>
    <color name="">ff00e2ff</color>
    <color name="">ff00ddff</color>
    <color name="">ff00d9ff</color>
    <color name="">ff00d5ff</color>
    <color name="">ff00d1ff</color>
    <color name="">ff00ccff</color>
    <color name="">ff00c8ff</color>
    <color name="">ff00c4ff</color>
    <color name="">ff00c0ff</color>
    <color name="">ff00bcff</color>
    <color name="">ff00b7ff</color>
    <color name="">ff00b3ff</color>
    <color name="">ff00afff</color>
    <color name="">ff00aaff</color>
    <color name="">ff00a6ff</color>
    <color name="">ff00a2ff</color>
    <color name="">ff009eff</color>
    <color name="">ff009aff</color>
    <color name="">ff0095ff</color>
    <color name="">ff0091ff</color>
    <color name="">ff008dff</color>
    <color name="">ff0089ff</color>
    <color name="">ff0084ff</color>
    <color name="">ff0080ff</color>
    <color name="">ff007cff</color>
    <color name="">ff0078ff</color>
    <color name="">ff0073ff</color>
    <color name="">ff006fff</color>
    <color name="">ff006bff</color>
    <color name="">ff0067ff</color>
    <color name="">ff0062ff</color>
    <color name="">ff005eff</color>
    <color name="">ff005aff</color>
    <color name="">ff0055ff</color>
    <color name="">ff0051ff</color>
    <color name="">ff004dff</color>
    <color name="">ff0049ff</color>
    <color name="">ff0044ff</color>
    <color name="">ff0040ff</color>
    <color name="">ff003cff</color>
    <color name="">ff0038ff</color>
    <color name="">ff0034ff</color>
    <color name="">ff002fff</color>
    <color name="">ff002bff</color>
    <color name="">ff0027ff</color>
    <color name="">ff0022ff</color>
    <color name="">ff001eff</color>
    <color name="">ff001aff</color>
    <color name="">ff0016ff</color>
    <color name="">ff0011ff</color>
    <color name="">ff000dff</color>
    <color name="">ff0009ff</color>
    <color name="">ff0005ff</color>
    <color name="">ff0000ff</color>
    <color name="">ff0500ff</color>
    <color name="">ff0900ff</color>
    <color name="">ff0d00ff</color>
    <color name="">ff1100ff</color>
    <color name="">ff1600ff</color>
    <color name="">ff1a00ff</color>
    <color name="">ff1e00ff</color>
    <color name="">ff2200ff</color>
    <color name="">ff2700ff</color>
    <color name="">ff2b00ff</color>
    <color name="">ff2f00ff</color>
    <color name="">ff3300ff</color>
    <color name="">ff3800ff</color>
    <color name="">ff3c00ff</color>
    <color name="">ff4000ff</color>
    <color name="">ff4400ff</color>
    <color name="">ff4900ff</color>
    <color name="">ff4d00ff</color>
    <color name="">ff5100ff</color>
    <color name="">ff5500ff</color>
    <color name="">ff5a00ff</color>
    <color name="">ff5e00ff</color>
    <color name="">ff6200ff</color>
    <color name="">ff6600ff</color>
    <color name="">ff6b00ff</color>
    <color name="">ff6f00ff</color>
    <color name="">ff7300ff</color>
    <color name="">ff7800ff</color>
    <color name="">ff7c00ff</color>
    <color name="">ff8000ff</color>
    <color name="">ff8400ff</color>
    <color name="">ff8800ff</color>
    <color name="">ff8d00ff</color>
    <color name="">ff9100ff</color>
    <color name="">ff9500ff</color>
    <color name="">ff9a00ff</color>
    <color name="">ff9e00ff</color>
    <color name="">ffa200ff</color>
    <color name="">ffa600ff</color>
    <color name="">ffab00ff</color>
    <color name="">ffaf00ff</color>
    <color name="">ffb300ff</color>
    <color name="">ffb700ff</color>
    <color name="">ffbc00ff</color>
    <color name="">ffc000ff</color>
    <color name="">ffc400ff</color>
    <color name="">ffc800ff</color>
    <color name="">ffcd00ff</color>
    <color name="">ffd100ff</color>
    <color name="">ffd500ff</color>
    <color name="">ffd900ff</color>
    <color name="">ffde00ff</color>
    <color name="">ffe200ff</color>
    <color name="">ffe600ff</color>
    <color name="">ffea00ff</color>
    <color name="">ffef00ff</color>
    <color name="">fff300ff</color>
    <color name="">fff700ff</color>
    <color name="">fffb00ff</color>
    <color name="">ffff00ff</color>
    <color name="">ffff00fb</color>
    <color name="">ffff00f7</color>
    <color name="">ffff00f3</color>
    <color name="">ffff00ef</color>
    <color name="">ffff00ea</color>
    <color name="">ffff00e6</color>
    <color name="">ffff00e2</color>
    <color name="">ffff00de</color>
    <color name="">ffff00d9</color>
    <color name="">ffff00d5</color>
    <color name="">ffff00d1</color>
    <color name="">ffff00cc</color>
    <color name="">ffff00c8</color>
    <color name="">ffff00c4</color>
    <color name="">ffff00c0</color>
    <color name="">ffff00bc</color>
    <color name="">ffff00b7</color>
    <color name="">ffff00b3</color>
    <color name="">ffff00af</color>
    <color name="">ffff00ab</color>
    <color name="">ffff00a6</color>
    <color name="">ffff00a2</color>
    <color name="">ffff009e</color>
    <color name="">ffff0099</color>
    <color name="">ffff0095</color>
    <color name="">ffff0091</color>
    <color name="">ffff008d</color>
    <color name="">ffff0088</color>
    <color name="">ffff0084</color>
    <color name="">ffff0080</color>
    <color name="">ffff007c</color>
    <color name="">ffff0078</color>
    <color name="">ffff0073</color>
    <color name="">ffff006f</color>
    <color name="">ffff006b</color>
    <color name="">ffff0067</color>
    <color name="">ffff0062</color>
    <color name="">ffff005e</color>
    <color name="">ffff005a</color>
    <color name="">ffff0056</color>
    <color name="">ffff0051</color>
    <color name="">ffff004d</color>
    <color name="">ffff0049</color>
    <color name="">ffff0044</color>
    <color name="">ffff0040</color>
    <color name="">ffff003c</color>
    <color name="">ffff0038</color>
    <color name="">ffff0034</color>
    <color name="">ffff002f</color>
    <color name="">ffff002b</color>
    <color name="">ffff0027</color>
    <color name="">ffff0023</color>
    <color name="">ffff001e</color>
    <color name="">ffff001a</color>
    <color name="">ffff0016</color>
    <color name="">ffff0011</color>
    <color name="">ffff000d</color>
    <color name="">ffff0009</color>
    <color name="">ffff0005</color>
  </palette>
</colors>
