<?xml version="1.0" encoding="utf-8"?>
<addon id="plugin.program.qbittorrent" version="0.0.6" name="QBittorrent" provider-name="Mookfist">
  <requires>
    <import addon="xbmc.python" version="2.1.0" />
    <import addon="script.module.python-requests" version="2.8.0" />
    <import addon="script.module.python-qbittorrent" version="0.1.5" />
  </requires>
  <extension point="xbmc.python.pluginsource" library="default.py">
    <provides>executable</provides>
  </extension>
  <extension point="xbmc.addon.metadata">
    <summary lang="en">QBittorent interface</summary>
    <description lang="en">Provides access to QBittorrent, allowing you to list torrents, or turn on or off individual torrents.</description>
    <disclaimer lang="en">Using this plugin while chanting certain incantations will make your neighbors call the police.</disclaimer>
    <language>en</language>
    <platform>all</platform>
    <license>MIT</license>
    <source>https://github.com/mookfist/repo/tree/master/plugin.qbittorrent</source>
    <email>mookfist@gmail.com</email>
    <website>https://github.com/mookfist/repo</website>
  </extension>
</addon>
