<?xml version="1.0"?>
<addon id="repository.mookfist" name="Mookfist Repo" version="1.6" provider-name="Mookfist">
    <extension point="xbmc.addon.repository" name="Official PseudoTV Live Repository">
        <info compressed="false">https://raw.githubusercontent.com/mookfist/repo/master/addons.xml</info>
        <checksum>https://raw.githubusercontent.com/mookfist/repo/master/addons.xml.md5</checksum>
        <datadir zip="true">https://github.com/mookfist/repo/raw/master/zips</datadir>
    </extension>
    <extension point="xbmc.addon.metadata">
        <summary></summary>
        <description></description>
        <platform>all</platform>
    </extension>
</addon>

